id,name,model_id:id,group_id:id,perm_read,perm_write,perm_create,perm_unlink
access_sale_order_line_modification_user,access_sale_order_line_modification_user,model_sale_order_line_modification,sales_team.group_sale_salesman,1,0,0,0
access_sale_order_line_modification_manager,access_sale_order_line_modification_manager,model_sale_order_line_modification,sales_team.group_sale_manager,1,1,1,1
access_sale_order_line_process_status_user,access_sale_order_line_process_status_user,model_sale_order_line_process_status,sales_team.group_sale_salesman,1,0,0,0
access_sale_order_line_process_status_manager,access_sale_order_line_process_status_manager,model_sale_order_line_process_status,sales_team.group_sale_manager,1,1,1,1
access_change_manufacturing_state_wizard,access_change_manufacturing_state_wizard,model_sale_order_line_manufacturing_state_wizard,sales_team.group_sale_salesman,1,1,1,1
access_complement_size_equivalence_user,access_complement_size_equivalence_user,model_product_complement_size,sales_team.group_sale_salesman,1,0,0,0
access_complement_size_equivalence_manager,access_complement_size_equivalence_manager,model_product_complement_size,sales_team.group_sale_manager,1,1,1,1
access_change_complement_tag_state_wizard,access_change_complement_tag_state_wizard,model_sale_order_line_complement_tag_wizard,sales_team.group_sale_salesman,1,1,1,1

